E64AU10E,41520
E64AU12E,47920
E64AU2E,14320
E64AU3E,17520
E64AU4E,20720
E64AU5E,23920
E64AU6E,27120
E64AU8E,30320
PDM10S,2500
K167,6615
K167PAD,630
K240Velour,
K240DISK,84
K240MKII,4935
K240PAD,504
K240SCable,630
K240ST,3465
K267,10500
K267PAD,630
K271MKII,5670
K271PAD,840
K3003,29000
K315BK,630
K315RD,630
K318BK,1470
K319,2100
K321BK,945
K321DBL,945
K321GR,945
K321LBL,945
K321OR,945
K321PP,945
K321RD,945
K321WH,945
K323XSBU,1260
K323XSGR,1260
K323XSRD,1260
K323XSYL,1260
K323XSABK,1680
K323XSAWH,1680
K323XSiBK,1680
K323XSiWH,1680
K374RD,2415
K374SV,2415
K375BK,2940
K375WH,2940
K376BLU,2835
K376WH,2835
K420,1575
K420DBL,1575
K420LBL,1575
K420OR,1575
K420RD,1575
K420PAD,158
K430DBL,2100
K430LBL,2100
K430SV,2100
K430WH,2100
K430PADBK,525
K430PADWH,525
K450,3150
K450PAD,840
K450原廠線,525
K451,3465
K451iCable,840
K452BL,3465
K452WH,3465
K512_MK2,1365
K514_MK2,1890
K518DJPAD,336
K520WH,3255
K540,3800
K545BK,7350
K550BK,6615
K550PAD,840
K551BK,7350
K551WH,7350
K551PAD,840
K612PRO,5460
K618DJ,2940
K619BK,3413
K619BL,3413
K619OR,3413
K619RD,3413
K67,3150
K67PAD,420
K701,9975
K701DISK,84
K701PAD,1050
K702,11025
K70265th,14175
K702Cb65th,1050
K702PAD,1050
K712PAD,3150
K712PRO,13650
K77,1103
K99,1785
N20GLD,3360
N20UBLK,3780
N20USIL,3780
N60NC,7980
Q350GR,
Q350W,
Y15BK,588
Y15BL,588
Y15WH,588
Y16ABK,893
Y16AWH,893
Y20UBLK,819
Y20ULGY ,819
Y20UTEL,819
Y20UYEL,819
Y23UBLK,1575
Y23URED,1575
Y23UTEL,1575
Y23UWHT,1575
Y30BK,2100
Y30BR,2100
Y30RD,2100
Y30TEL,2100
Y30WH,2100
Y30YL,2100
Y40BK,2625
Y40BLU,2625
Y40Cable,630
Y40YL,2625
Y45BTBK,3675
Y45BTWH,3675
Y50BK,2625
Y50RD,2625
Y50TEL,2625
Y50YL,2625
Y50BTBK,5040
Y50BTBL,5040
Y50BTSV,5040
Y55BK,3360
Y55BLU,3360
Y55RD,3360
Y55WH,3360
4 極天線,3640
Copper22,6374
Copper22mini,3814
GLinePanAm,3584
International,15300
Pan Am,12880
RXMK3B+,16500
SXC22,3814
SXC24,6374
SXC24TG334,
The Accessory,
The Green Line,2022
The IslandBK,8372
The IslandBL,8372
The IslandGD,8372
The IslandSV,8372
The KeyBK,4838
The KeySV,4838
The National,
BS3MMCX1.2m,1470
XLIMITAB0.5,504
XLIMITAM0.12,441
XLIMITMM0.1,630
XLIMITMM1,819
AK100,16000
AK100CASE,950
AK10Cable,0
AK10DAC,5900
AK120,32000
AK120128G,36000
AK240,63000
AK380,80000
AKJR,12800
AKJRLCase,880
B1008GWH,4100
AM800,973
AM850,2590
GX20NB,623
GX20VT,623
ASUSE3,41000
ASUSE3管迷版,56500
ASUSEssence STU,8500
AD1000 PAD,1320
AT501CS轉換頭,350
AT519CS轉換頭,350
AT561A 1.0M,350
AT564A 1.0M,330
AT591D 1.0M,950
AT6012X,
ATCW5BK,220
ATCW5BL,220
ATCW5BW,220
ATCW5LGR,220
ATCW5RD,220
ATCW5WH,220
ATEA1100 0.13m,1200
ATEA1100 0.7m,1320
ATEA1100 1.3m,1560
ATEDP1100 0.7m,1650
ATEDP1100 1.3m,1750
ATEUS1000 0.7m,1900
ATEUS1000 1.3m,2000
ATEUS1000Li 0.15m,2100
ATEUS1000Li 1.3m,2700
ATEUS1000hc 0.13m,1080
ATEUS1000mr 0.15m,1080
ATEUS1000mr 0.7m,1560
ATEUS1000mr 1.3m,1800
ATEUS1000otg 0.15m,1080
ATEUS1000otg 0.7m,1560
ATEUS1000otg 1.3m,1800
ATHA21,5200
ATHA22TUBE,10000
ATHA26D,7100
ATHA30USB,4550
ATHA40USB,4250
ATHA65,10000
ATHDC11.2m,850
ATHDC1is1.2m,1000
ATHDC51.2m,2500
ATHPH300WH,
ATHPH300掛架,750
ATHPP300BK,340
ATHPP300BL,340
ATHPP300RD,340
ATHPP300SV,340
ATHPP300WH,340
ATHPS550原木,1600
ATLP60BTWH,6300
ATLP60RD,4000
ATPHA05BT,2250
ATPHA10,1800
ATPHA100,12500
ATPHA50BTBK,3400
ATPHA50BTGM,3400
ATSP03BTBK,2900
ATSP03BTRD,2900
ATSP03BTWH,2900
ATSPB50BK,4200
ATSPB50CM,4200
ATSPB50YW,4200
ATSPC100BK,1700
ATSPC100WH,1700
AT338iSBK,400
AT338iSBL,400
AT338iSRD,400
AT338iSWH,400
AT6450.5M,390
AT6451.0M,460
AT6453.0M,600
ATHA1000X,7400
ATHA1000Z,12000
ATHA2000Z,19000
ATHA500X,2350
ATHA500Z,3200
ATHA700X,3500
ATHA900X,4700
ATHA900XLTD,8000
ATHA900Z,6000
ATHAD1000X,9350
ATHAD2000X,15300
ATHAD500X,2900
ATHAD700X,4400
ATHAD900X,5950
ATHADG1,7600
ATHAG1,7600
ATHANC23BK,2000
ATHANC9,7200
ATHAR1BK,1050
ATHAR1BL,1050
ATHAR1RD,1050
ATHAR1WH,1050
ATHAR3BK,1550
ATHAR3BL,1550
ATHAR3RD,1550
ATHAR3WH,1550
ATHAR3BTBK,2700
ATHAR5BK,3950
ATHAR5RD,3950
ATHAR5BTBK,5300
ATHAR5BTBL,5300
ATHAR5BTRD,5300
ATHAR5BTSV,5300
ATHAVA300,600
ATHAVA500,1700
ATHAVC200,590
ATHAVC300,850
ATHAVC500,1700
ATHAX3iSBK,1500
ATHAX3iSNV,1500
ATHAX3iSRD,1500
ATHAX5iSBK,2500
ATHAX5iSGM,2500
ATHBB500,2650
ATHBT05BK,4000
ATHBT05BL,4000
ATHBT07BK,2700
ATHBT09BK,1400
ATHBT09BL,1400
ATHBT09CZ,1400
ATHBT09PK,1400
ATHBT09RD,1400
ATHBT09WH,1400
ATHBT12BK,3350
ATHBT12BW,3350
ATHC505BK,380
ATHC505BL,380
ATHC505RD,380
ATHC505WH,380
ATHC505IBK,640
ATHC505IBL,640
ATHC505IRD,640
ATHC505IWH,640
ATHC505iSBK,490
ATHC505iSBL,490
ATHC505iSRD,490
ATHC505iSWH,490
ATHC555BK,400
ATHC555WH,400
ATHC777BK,470
ATHC999,680
ATHCHX5BK,850
ATHCHX5BL,850
ATHCHX5RD,850
ATHCHX5WH,850
ATHCHX5iSBK,1000
ATHCHX5iSBL,1000
ATHCHX5iSRD,1000
ATHCHX5iSWH,1000
ATHCHX7BK,1650
ATHCHX7RD,1650
ATHCHX7WH,1650
ATHCHX7iSBK,1850
ATHCHX7iSRD,1850
ATHCHX7iSWH,1850
ATHCK100PRO,10000
ATHCK323IBK,850
ATHCK323IBL,850
ATHCK323IPK,850
ATHCK323IRD,850
ATHCK323IWH,850
ATHCK323IYL,850
ATHCK323MBK,440
ATHCK323MBL,440
ATHCK323MGR,440
ATHCK323MLBL,440
ATHCK323MOR,440
ATHCK323MPK,440
ATHCK323MPL,440
ATHCK323MRD,440
ATHCK323MWH,440
ATHCK323MYL,440
ATHCK323iSBK,720
ATHCK323iSBL,720
ATHCK323iSPK,720
ATHCK323iSRD,720
ATHCK323iSWH,720
ATHCK323iSYL,720
ATHCK330MBK,500
ATHCK330MBL,500
ATHCK330MBYL,500
ATHCK330MGD,500
ATHCK330MLPK,500
ATHCK330MPK,500
ATHCK330MRD,500
ATHCK330MSGR,500
ATHCK330MTBL,500
ATHCK330MWH,500
ATHCK330iBK,760
ATHCK330iBL,760
ATHCK330iGD,760
ATHCK330iPK,760
ATHCK330iRD,760
ATHCK330iWH,760
ATHCK330iSBK,680
ATHCK330iSBL,680
ATHCK330iSGD,680
ATHCK330iSPK,680
ATHCK330iSRD,680
ATHCK330iSWH,680
ATHCK90PROII,4000
ATHCKB50BK,1050
ATHCKB50BL,1050
ATHCKB50GD,1050
ATHCKB50RD,1050
ATHCKB50WH,1050
ATHCKB70BK,2080
ATHCKB70RD,2080
ATHCKF505BK,590
ATHCKF505BW,590
ATHCKF505LBL,590
ATHCKF505LPK,590
ATHCKF505PK,590
ATHCKF505WH,590
ATHCKF77BK,720
ATHCKF77BW,720
ATHCKF77CM,720
ATHCKF77LP,720
ATHCKF77PK,720
ATHCKF77PPL,720
ATHCKF77WH,720
ATHCKF77ZB,720
ATHCKF77iSBW,830
ATHCKF77iSCM,830
ATHCKF77iSPK,830
ATHCKF77iSWH,830
ATHCKL202BK,510
ATHCKL202BL,510
ATHCKL202CZ,510
ATHCKL202GR,510
ATHCKL203BCZ,420
ATHCKL203BK,420
ATHCKL203BL,420
ATHCKL203LGR,420
ATHCKL203LPK,420
ATHCKL203LPL,420
ATHCKL203OR,420
ATHCKL203PK,420
ATHCKL203PL,420
ATHCKL203RD,420
ATHCKL203WCZ,420
ATHCKL203WH,420
ATHCKL203IBCZ,720
ATHCKL203IBK,720
ATHCKL203IBL,720
ATHCKL203IPK,720
ATHCKL203IWCZ,720
ATHCKL203IWH,720
ATHCKL203iSBCZ,570
ATHCKL203iSBK,570
ATHCKL203iSBL,570
ATHCKL203iSPK,570
ATHCKL203iSWCZ,570
ATHCKL203iSWH,570
ATHCKL220BCZ,400
ATHCKL220BK,400
ATHCKL220BL,400
ATHCKL220GR,400
ATHCKL220LBL,400
ATHCKL220LGR,400
ATHCKL220OR,400
ATHCKL220PK,400
ATHCKL220PL,400
ATHCKL220RD,400
ATHCKL220WCZ,400
ATHCKL220WH,400
ATHCKL220IBCZ,640
ATHCKL220IBK,640
ATHCKL220ILGR,640
ATHCKL220IPK,640
ATHCKL220IWCZ,640
ATHCKL220IWH,640
ATHCKL220iSBCZ,500
ATHCKL220iSBK,500
ATHCKL220iSLGR,500
ATHCKL220iSPK,500
ATHCKL220iSWCZ,500
ATHCKL220iSWH,500
ATHCKM1000,8000
ATHCKM300BK,720
ATHCKM300BL,720
ATHCKM300OR,720
ATHCKM300PK,720
ATHCKM300RD,720
ATHCKM300WH,720
ATHCKM300IBK,880
ATHCKM300IBL,880
ATHCKM300IRD,880
ATHCKM300IWH,880
ATHCKM300iSBK,800
ATHCKM300iSBL,800
ATHCKM300iSRD,800
ATHCKM300iSWH,800
ATHCKM500BK,1080
ATHCKM500BL,1080
ATHCKM500GD,1080
ATHCKM500RD,1080
ATHCKM500SV,1080
ATHCKM500WH,1080
ATHCKM500IBK,1320
ATHCKM500IRD,1320
ATHCKM500IWH,1320
ATHCKM500iSBK,1200
ATHCKM500iSRD,1200
ATHCKM500iSWH,1200
ATHCKM77,2160
ATHCKM99,3600
ATHCKN50BK,765
ATHCKN50BL,765
ATHCKN50BW,765
ATHCKN50WH,765
ATHCKN70BK,1530
ATHCKN70BL,1530
ATHCKN70SV,1530
ATHCKP200BK,630
ATHCKP200BL,630
ATHCKP200MC,630
ATHCKP200RD,630
ATHCKP200WH,630
ATHCKP200iBK,850
ATHCKP200iBL,850
ATHCKP200iRD,850
ATHCKP200iYL,850
ATHCKP200iSBK,720
ATHCKP200iSBL,720
ATHCKP200iSRD,720
ATHCKP200iSYL,720
ATHCKP300BL,930
ATHCKP500BK,930
ATHCKP500BL,930
ATHCKP500RD,930
ATHCKP500WH,930
ATHCKR10,7400
ATHCKR100,11500
ATHCKR3BK,680
ATHCKR3BL,680
ATHCKR3BW,680
ATHCKR3GY,680
ATHCKR3RD,680
ATHCKR3WH,680
ATHCKR30BK,930
ATHCKR30BL,930
ATHCKR30PK,930
ATHCKR30RD,930
ATHCKR30SV,930
ATHCKR30YL,930
ATHCKR30isBK,1140
ATHCKR30isBL,1140
ATHCKR30isPK,1140
ATHCKR30isRD,1140
ATHCKR30isSV,1140
ATHCKR30isYL,1140
ATHCKR3IBK,930
ATHCKR3IBL,930
ATHCKR3IRD,930
ATHCKR3IWH,930
ATHCKR3iSBK,800
ATHCKR3iSBL,800
ATHCKR3iSRD,800
ATHCKR3iSWH,800
ATHCKR5BK,1080
ATHCKR5BL,1080
ATHCKR5BW,1080
ATHCKR5RD,1080
ATHCKR5SV,1080
ATHCKR5WH,1080
ATHCKR50BK,1480
ATHCKR50BL,1480
ATHCKR50CG,1480
ATHCKR50GD,1480
ATHCKR50PK,1480
ATHCKR50RD,1480
ATHCKR7,2500
ATHCKR70BK,2780
ATHCKR70BL,2780
ATHCKR70CG,2780
ATHCKR70PK,2780
ATHCKR70RD,2780
ATHCKR7LTD,3400
ATHCKR9,5400
ATHCKR90,5500
ATHCKR9LTD,6800
ATHCKS1000,5750
ATHCKS1000_LTD,6300
ATHCKS1100,6300
ATHCKS550BGD,1080
ATHCKS550BK,1080
ATHCKS550BL,1080
ATHCKS550RD,1080
ATHCKS550WH,1080
ATHCKS550iBK,1340
ATHCKS550iBL,1340
ATHCKS550iRD,1340
ATHCKS550iWH,1340
ATHCKS550iSBK,1250
ATHCKS550iSBL,1250
ATHCKS550iSRD,1250
ATHCKS550iSWH,1250
ATHCKS55BT,2380
ATHCKS55S,0
ATHCKS55XBGD,800
ATHCKS55XBK,800
ATHCKS55XBRD,800
ATHCKS55XWH,800
ATHCKS55XiBGD,1000
ATHCKS55XiBK,1000
ATHCKS55XiBRD,1000
ATHCKS55XiWH,1000
ATHCKS55XiSBK,930
ATHCKS55XiSWH,930
ATHCKS77BK,2200
ATHCKS77BRD,2100
ATHCKS770BK,1900
ATHCKS770RD,1900
ATHCKS770WH,1900
ATHCKS77S,0
ATHCKS77XBK,1400
ATHCKS77XBRD,1400
ATHCKS77XWH,1400
ATHCKS99,2900
ATHCKS990,3400
ATHCKS99BT,4200
ATHCKS99I,3200
ATHCKX5BK,1190
ATHCKX5BL,1190
ATHCKX5GR,1190
ATHCKX5RD,1190
ATHCKX5WH,1190
ATHCKX5iSBK,1300
ATHCKX5iSBL,1300
ATHCKX5iSGR,1300
ATHCKX5iSRD,1300
ATHCKX5iSWH,1300
ATHCKX7BK,1800
ATHCKX7BL,1800
ATHCKX7PL,1800
ATHCKX7RD,1800
ATHCKX7WH,1800
ATHCKX7iSBK,2000
ATHCKX7iSBL,2000
ATHCKX7iSPL,2000
ATHCKX7iSRD,2000
ATHCKX7iSWH,2000
ATHCKX9BK,2380
ATHCKX9SV,2380
ATHCKX9iSBK,2550
ATHCKX9iSSV,2550
ATHCM707,2350
ATHCP500BK,1000
ATHCP500MC,1000
ATHCP500IMC,1350
ATHCP700,1500
ATHDN1000USB,12500
ATHDSR7BT,8400
ATHDSR9BT,15900
ATHDWL500BK,4000
ATHDWL500WH,4000
ATHDWL700,5700
ATHE40,2780
ATHE50,5500
ATHE70,11200
ATHEC707,3100
ATHEM7GM,1550
ATHEM7SV,1550
ATHEM7x,1700
ATHEP300BK,1000
ATHEQ500BL,510
ATHEQ500CZ,510
ATHEQ500LGR,510
ATHEQ500LPK,510
ATHEQ500PK,510
ATHEQ500RD,510
ATHES10,10000
ATHES10皮罩對,180
ATHES500,2500
ATHES700,3200
ATHES750,6000
ATHES7_皮罩對,158
ATHES88,4200
ATHESW11LTD,16000
ATHESW9,6100
ATHESW950,9800
ATHESW9LTD,10500
ATHEW9,4800
ATHFC707BK,1500
ATHFC707WH,1500
ATHIM01,3100
ATHIM02,4400
ATHIM03,8000
ATHIM04,10800
ATHIM50BK,1250
ATHIM50WH,1250
ATHIM70,2350
ATHLS200,6800
ATHLS300,10800
ATHLS400,15900
ATHLS50BK,1870
ATHLS50NV,1870
ATHLS50RD,1870
ATHLS50YL,1870
ATHLS70,3400
ATHM20XBK,1300
ATHM30XBK,1800
ATHM40XBK,2700
ATHM50XBK,4400
ATHM50XBL,4900
ATHM50XDG,4900
ATHM50XGM,4900
ATHM50XWH,4400
ATHM50皮罩對,310
ATHM70XBK,6800
ATHMSR7BK,5700
ATHMSR7GM,5700
ATHMSR7LTD,7600
ATHMSR7NC,8400
ATHOX5BK,4900
ATHOX5RD,4900
ATHOX7AMP,7300
ATHPDG1,4650
ATHPG1,4650
ATHPRO500IIBK,2950
ATHPRO500IIRD,2950
ATHPRO500皮罩對,230
ATHPRO5IIBK,1700
ATHPRO5IISV,1700
ATHPRO5II迷彩,1700
ATHPRO5MK3BK,2250
ATHPRO5MK3GM,2250
ATHPRO5MK3WH,2250
ATHPRO5皮罩對,220
ATHPRO700ANV,9300
ATHPRO700II,5100
ATHR70X,8500
ATHRE700BK,4000
ATHRE700BW,4000
ATHS100BBL,550
ATHS100BGR,550
ATHS100BK,550
ATHS100BPK,550
ATHS100WH,550
ATHS100iSBBL,680
ATHS100iSBGR,680
ATHS100iSBK,680
ATHS100iSBPK,680
ATHS100iSWH,680
ATHS300BK,850
ATHS300KH,850
ATHS300NV,850
ATHS300PK,850
ATHS300WH,850
ATHS500BK,1100
ATHS500NV,1100
ATHS600BK,1700
ATHS600GD,1700
ATHS600RD,1700
ATHS700BT,3900
ATHSJ33皮罩_對BK,160
ATHSJ33皮罩_對WH,160
ATHSJ55皮罩_對BK,220
ATHSJ55皮罩_對灰,220
ATHSR5BK,4000
ATHSR5NBW,4000
ATHSR5WH,4000
ATHSR5BTWH,5300
ATHSR9,13400
ATHSX1a,5600
ATHSport1BK,590
ATHSport1BL,590
ATHSport1NY,590
ATHSport1PK,590
ATHSport1RD,590
ATHSport1YP,590
ATHSport1iSBK,850
ATHSport1iSNY,850
ATHSport1iSPK,850
ATHSport1iSRD,850
ATHSport2BK,850
ATHSport2BL,850
ATHSport2NY,850
ATHSport2RD,850
ATHSport2YP,850
ATHSport3BK,1480
ATHSport3RD,1480
ATHSport4BK,3200
ATHSport4RD,3200
ATHT200,580
ATHT200TV,930
ATHT300,970
ATHT400,1500
ATHT500,2000
ATHTAD300,1000
ATHTAD400,1340
ATHTAD500,2100
ATHUN1BK,2300
ATHUN1GD,2300
ATHUN1NV,2300
ATHW1000X,16800
ATHW1000Z,17000
ATHW5000,22950
ATHWM77BK,1500
ATHWM77OR,1500
ATHWM77RD,1500
ATHWM77WH,1500
ATHWS1100,6300
ATHWS33XBK,1000
ATHWS33XRD,1000
ATHWS33XWH,1000
ATHWS550BGD,2100
ATHWS550BRD,2100
ATHWS550WH,2100
ATHWS55XBK,1550
ATHWS55XBRD,1550
ATHWS770BRD,3950
ATHWS770GM,3950
ATHXS5,1350
ATHXS5PADWH,230
ATHXS7BK,1500
ATHXS7YW,1500
ATHFC700BK120,1300
ATHFC700WH120,1300
AV EVA HQ3.0L,7400
AV EVA HQ3.0M,7400
ERCK50MLBK,190
ERCK50MLGY,190
ERCK5L6A,260
ERCK5L6B,260
ERCK5MPK,190
ERCK5S6A,260
ERCK5S6B,260
ERCK5SPK,190
ERCK5XS6A,260
ERCK5XS6B,260
HPA900L 對,125
HPA900R 對,125
HPP33收納盒P,340
小耳機包,340
調音延長線,230
MDACBK,22050
MDACSV,22050
MDACPLUSBK,34000
MDACPLUSSV,34000
QDACBK,12600
QDACSV,12600
AQJitterBug,1300
AQNRG EDISON 20,4500
AQOTG,390
AQUSBAC,340
AQUSBMicroB,230
CinnamonAM,1450
CinnamonAM1.5m,1800
DragonFly,3300
DragonFlyBK,2200
DragonFlyRD,4000
EVERGREEN3.51.5m,900
EVERGREEN35A,900
EVERGREENRCA1m,800
FORESTAB0.75m,800
FORESTAB1.5m,900
FORESTCoax1.5m,700
LIGHTUSB Adatpor,450
PEARLAB1.5m,650
PEARLAMini1.5m,650
TOWER3.51.5m,650
TOWER35A1.5m,650
TOWER35A1m,600
TOWERRCA1m,600
JJ6922Cr_真空管_冷處理,945
JJ6922GPCr_真空管_冷處理_Golden_Pin,1523
JJ6922GP_真空管_Golden_Pin,945
JJ6922_真空管,735
T1MKIIBK,4515
T1MKIISV,4515
T1TUDMKIIBK,7600
T1TUDMKIISV,7600
Tube_USB_DAC_6N11BK,3990
Tube_USB_DAC_6N11SV,3990
X1PRO,5565
X1SE AIO DAC,4883
X1MK2_AIO_DAC,4883
X1SAIO DAC,6825
X1SAIO DAC SV,6825
aune B1,5775
aune S16,16000
aune X5A,5090
auneM1s,5200
auneT1SE,5300
ASSILC,380
ASG1.5CL,8304
ASG1PLUS,11665
ASG2.5BK,15200
ASG2.5GD,25200
ASG2.5RD,15200
ASG2.5SV,20700
ROCKETSWH,6050
Codex,48000
A5,15600
A7,23920
C5,5440
C5SV,5440
C5s2BK,5440
P3BK,4960
P3WH,4960
P5,11000
P7BK,11040
P9BR,25520
P5s2BK,7840
P5wireless,10240
P7wireless,13440
ZEPPELINAIR,18720
ZEPPLINMINI,16000
AV100212M,450
AV10091eb12APL,380
AV10126GR,290
AV10126PK,290
AV10126PP,290
AV10127BK,290
AV10127BU,290
AV10127GR,290
AV10127PK,290
AV10127PP,290
AV10127RD,290
AV10127WH,290
AV10128BK,290
AV10128RD,290
AV10129BK,290
AV10129BU,290
AV10129GR,290
AV10129PK,290
AV10129RD,290
AV10129WH,290
AV10164bt04BK,420
AV10164bt04GD,420
AV10164bt04GRY,420
AV10164bt04SV,420
F2CU029bt1MBK,700
F8J023bt04WH,440
F8J090BT04BK,850
F8J144bt04GD,680
F8J144bt04GRY,680
F8J144bt04SV,680
F8J144bt06INGD,570
F8J144bt06INGRY,570
F8J144bt06INSV,570
F8M523C00,510
F8M546C02,510
F8W105C01,470
F8W105C02,470
F8W105C05,470
F8Z274,410
880HBAND,400
880HBANDB,400
AKT1P,
Custom ProBRPAD,700
Custom ProPAD,700
Custom ProWPAD,700
Custom StreetBK,3200
Custom StreetWH,3200
CustomCable,650
CustomHex,1300
Custom_One_Pro,5400
DT440,3800
DT860,5800
DT1350,7600
DT1770 Pro 250 ohm,14000
DT1990PRO,14000
DT231 Pro,1200
DT770 Pro 250 ohm ,4600
DT770 Pro 32 ohm,4950
DT770_Pro_32_ohm_LTD,6200
DT770_Pro_80_ohm,4600
DT880 32 ohm,
DT880_Pro_250_ohm,7100
DT880_Pro_32_ohm,7000
DT880_Pro_600_ohm,7000
DT990_250_ohm,7000
DT990_Pro_250_ohm,4600
DTX72iE,2050
DX160iE,3170
EDT50p,800
EDT770S,800
EDT770V,800
EDT990V,800
EDT990VB,800
T1,29000
T1 2.Generation,31500
T51P,8500
T5P,29000
T5p 2.Generation,27500
T70_250_ohm,13000
T70p_32_ohm,13000
T90,14000
TGV70ds,5750
XP1BK,1000
XP1SV,1000
XP2BK,1000
XP2SV,1000
XP3BK,1000
XP3SV,1000
Xelento,24000
iDX160iE,3600
QC20BK ,6500
QC25BK,7901
QC35BK,9150
QC35WH,9150
SDLINKAEBTII,6500
SDLINKAEBTIIW,6500
SDLINKCoverBK,1000
SDLINKCoverBL,1000
SDLINKCoverGRY,1000
SPIIICharging,1000
SoundLinkMiniIICBN,6200
SoundLinkMiniIIPRL,6200
SoundLinkSPIII,9000
SoundSptBTK,3600
SoundSptBTL,3600
SoundSptBTY,3600
SoundSptPulse,5400
SoundTrueAEII,3900
SoundTrueAEIIAD,3900
SoundTrueAEIIADL,3900
SoundTrueAEIIL,3900
OTH110WH,150
OTH111RD,150
OTH112LBL,150
OTH113YL,150
OTH114OG,150
OTH115GR,150
OTH116PK,150
OTH117CHO,150
CWACF,3993
CWASP,3156
CWBC252,1412
CWBCA,1224
CWBCH,1224
CWBCI,1412
CWBCR,1412
CWBCS,1412
CWCLP,300
CWDCS,300
CWDES,3156
CWExt 1.3m,1913
CWExt 1.6m,2244
CWExtend,300
CWGL,300
CWL01,18687
CWL01P,0
CWL02,18687
CWL05QD,0
CWL05QD2,36519
CWL10,25078
CWL11,0
CWL12,23196
CWL15,26861
CWL31,0
CWL32,33548
CWL32v,33548
CWL33BB,36470
CWL33LV,36470
CWL51a,38352
CWL51aPSTS,41721
CWL52a,41374
CWL52aPTPS,44643
CWL71a,50240
CWL71aPTPS,53905
CWLDD,7895
CWLOOP,1561
CWLSD,6305
CWMT,6306
CWNDES,6306
CWPAI,1561
CWSGP,897
CWSGPR2,300
CWSGPR3,300
CWSP,3993
CWWP,3993
CARCHD8001,
CARCHD8001.5,
CARCHD8002,
CARCHD8002.5,
CARCLHD8001,
CARCLHD8001.5,
CARCLHD8002,
CARCLHD8002.5,
CARCLRCA1,
CARCLRCA1.5,
CARCLUSB1,4130
CARCLUSB1.5,4620
CARCLXLR1.5,
CARCLXLR2,
CARCLXLR2.5,
CARCLXLR3,
CAREM5813,10500
CARHD6002,6440
CARHD6003,8050
CARHD8001,
CARHD8001.5,
CARHD8002,
CARHD8002.5,
CARMTXLR1.5M,
CARMTXLR1M,
CARMicrotwin,6900
CARPC1.5,
CARPHC3.512,805
CARPHC3.56,560
CARPQL1.5,
CARPTL1.5,
CARPTL2,
CARPTL2.5,
CARPXLR1.5M,
CARPXLR1M,
N5,6930
N5Case,400
AXEPort_Pro,3850
DACMINICX,19609
DACMINICX BK,19609
DACPORTLX,6434
DAC_Mini,19000
DAC_Port,8085
HiFiM8CMB,17246
HiFiM8RSA,17246
HiFiM8XL4,17246
MicPort_Pro,3850
Major_01,3880
Major_6New,2100
Major_9,1930
CD鑑賞架,95
MajorXmas ,
Major_5,2100
Major_6,600
Major_7,1600
Major_7New,1880
Major_8,1880
MojoCase,1100
MojoBK,12600
CFLYC1032G,12600
C3,3100
C4,15000
ISOM2BK,294
T100RBL,290
T200RBL,290
T400RBL,290
CustomWraps,354
ISOM2BK,294
LOT16201,240
PSER_對,150
S400GR_對,127
S100BK 對,95
S100BU 對,95
S100PP 對,95
S200BK 對,95
S200BU 對,95
S200PP 對,95
S400BK 對,95
S400BU 對,95
S400PP 對,95
S500BK 對,95
S500BU 對,95
S500PP 對,95
SPORTM2BK,294
SPORTPM2BK,354
SX100BK,270
SX200BK,270
SX400BK,270
T100BK 對,96.6
T100BU 對,96.6
T100RBL,290
T100RD 對,96.6
T100_對,98
T200BK 對,96.6
T200BU 對,96.6
T200RBL,290
T200RD 對,96.6
T200_對,98
T400BK 對,96.6
T400BU 對,96.6
T400RBL,290
T400RD 對,96.6
T400_對,98
T500BK 對,96.6
T500BU 對,96.6
T500RD 對,96.6
T500_對,98
TX100BK 對,136.5
TX200BK 對,153
TX400BK 對,153
TX400_對,153
TX500BK 對,153
WEBE 組,284
WFT3 對,114
COSH1,31500
PR0214,387
PR0293,918
PR0294,918
PR0295,918
PR0388,476
PR0389,476
PR0390,387
PR0391,387
PR0392,300
PR0393,387
PR0394,387
PR0395,387
PR0429,918
PR0430,918
PR0431,387
PR0438,387
PR0439,342
PR0457,387
PR0458,387
PR0526,476
PR0527,476
ProInor DS11,2863
CT100,11100
CT200,13860
CT2Colors,860
CT300Pro,16620
CT400Pro,19380
CT500Elite,22140
CT6e,30420
CTBox,520
CTBrushG,1640
CTBrushN,1640
CTCC,860
CTCLogo,1540
CTCTM+,
CTCTM,
CTCable,1370
CTChrome,1640
CTEP,5580
CTGold,1640
CTLogo,2760
CTRem,9900
CTSparlkles,860
CTSwarovski,1640
CTSwirlC,2760
CTWF,1640
CTWLS3,19380
CTWLS4,22140
CTWLS5,24900
CTcarbon,2440
CTcountry,1540
CTwas,1640
CAEP,1550
Harmony 8,35000
Harmony 8Ch,38000
Music Two,14420
Music TwoCh,16200
Music one ,7200
Music oneCh,8600
Pro 100,7300
Pro 100Ch,8500
Pro 210,8500
Pro 210Ch,11000
Pro 330,16800
Pro 330Ch,20000
SoloR,12800
SolodB,17700
Theorem 720DAC,19500
AHC120MAEM,2670
AHC260,695
AHC260R,955
AHC260SV,695
AHC50MABK,1480
AHC50MASV,1480
AHC620RB,2550
AHC620RW,2550
AHC720B,3650
AHC720S,3650
AHC820B,5650
AHD1100,2950
AHMM200BK,5850
AHMM200WH,5850
AHMM300BK,7500
AHMM400,12000
AHD510,530
D1100PAD,1280
D7100PAD,1700
D7200,25000
DA10,11000
DA300USB,11800
PMA50,17300
Answer (Truth Edition),29520
The Answer,20418
DRAHP,165
Stand3,10676
XEOTransmitter,9000
XEO3BK,46800
XEO3WH,46800
EM2IFI,15593
EM2PRO,19365
EM3PRO,23389
EM32,29681
EM4,27791
EM6,29453
ES2,7080
ES3,10946
SEM6 ,26696
SEM6CR,26696
SEM9,41659
SM2IFI  ,5593
SM3,10425
SM64,12521
Velvet,18821
ARESII+35CM,6150
ARESII+35MMCX,6150
ARESII+35WMMCX,6150
ARESII35CM,4000
ARESII35MMCX,4000
ARESII35WMMCX,4000
EROSCM,5800
EROSCM2.5,5800
EROSIE,5800
EROSIM,5800
EROSMMCX,5800
EROSWMMCX,5800
Leonidas,21000
MarsCM,26500
MarsFitEar,26500
Pearl V2CM,2050
Pearl V2IE,2050
Pearl V2IM,2050
Pearl V2MMCX,2050
Pearl V2WMMCX,2050
Thor CopperCM,4400
Thor CopperIE,4400
Thor CopperIM,4400
Thor CopperMMCX,4400
Thor CopperWMMCX,4400
Thor SilverCM,7400
Thor SilverIE,7400
Thor SilverIM,7400
Thor SilverMMCX,7400
Thor SilverWMMCX,7400
ER3818,73
ER4B,7000
ER4P,7000
ER4PT,6800
ER4S,6500
ER4SR,9675
ER4XR,9675
DXA1PRO,2985
FXA2PRO,5985
FXA5PRO,8625
FXA5PROSV,8625
FXA6PRO,11505
FXA6PROB,11505
FXA7PRO,14256
FIDUE A83,6190
A1,1050
A5,3350
D03K,750
D5,700
E02i,765
E07K,2600
E1,800
E10,2300
E10K,2200
E11,1900
E11K,1900
E12,3500
E12DIYGD,6000
E12DIYSV,6000
E12A,4200
E17,3600
E17K,3600
E18,4200
E3,300
E5,750
E6,850
E7,2700
E9,3850
E9i,4000
HS1,550
HS11,0
HS6,320
HS7L,0
HS7R,0
HS8L,0
HS8OG,0
HS8Y,0
HS9,0
K1,1050
K5,3300
L11,270
L16,285
L19,720
L2,235
L21,175
L2F1,550
L2F2,680
L3,350
L30,750
L5,350
L7,0
L8,235
L9,350
L12(光纖線),280
LCX7B,550
LU2,235
M3,1700
M3BK,1700
M3BL,1700
M3LGR,1700
Q1,2200
RCUE1,1600
X1,2900
X1BK,2900
X1GD,2900
X1L,2900
X1II BK,2900
X1II RG,2900
X3,5000
X3II,5100
X3IIGD,5100
X5,8750
X5II,8800
X5III,10500
X5IIITi,10000
X7,16800
X7AM2,2900
X7AM3,2900
X7AM5,2900
X7Player,
Adagio III RW,1400
FIBASS,22700
FIDC1350M2,
FIBSBU,100
Heaven II BK,1800
Heaven II BLG,1800
Heaven V,6500
Heaven VII BK,11900
Heaven VII SV,11900
Heaven VIII,14700
Heaven_CSV,8400
Heaven_IVBK,4662
Heaven_IVBL,4662
Heaven_IVWH,4662
Heaven_SGD,8400
Pandora IV,11500
Pandora VI,14000
Piano Forte IX,23000
Piano Forte VIII,19000
Piano Forte XG,
Adagio_IIIBK,2086
Adagio_IIIRedWH,2086
Adagio_V,4466
BeyondHD,4095
BlackKey,1229
BlueKey  ,2457
Bobby,11025
C001_角錐,1024
CustomCute,3400
CustomCuteP,4095
DA,2730
FRCA2110,1229
FRCA2120,1229
FRCA2130,1229
FRCA2210,1229
FRCA2220,1229
FRCA2230,1229
FRRack,473
FRX001,800
FireBoy,9896
FubarHD,4095
GreenKey,1229
H001_耳機架,1024
HA,1260
HD,3500
HDB,4095
Living AMP,2218
Living DAC,2218
Mini+,854
MiniPP,546
MiniRD,546
MiniWH,546
RedKey,1229
STSBobby,9896
SpitfireHD,4095
Supplier USB ,1570
SupplierHD,2457
Supplier_AC,1365
Tobby,9896
BN100,0
DBA02,6300
FA003,5800
FA003Ti,3990
FA005,2700
FA006,735
GlossBK,1400
GlossRD,1400
Oldskool,3900
TANDEM,1700
八階山毛櫸,4000
八階櫻桃木,6000
八階白蠟木,4000
八階紫檀木,6000
Aya,35000
Ear Picker050,50
Ear Picker062,100
FITAccrs,100
FITClip,330
FITDFlange,330
FITMonet 17,47000
FITSIL D,300
FITSIL L,300
FITSIL M,300
FITSIL S,300
FITEAR C435,50000
FITEAR CABLE000,9500
FITEAR CABLE001,3400
FITEAR CABLE002,1700
FITEAR CABLE003,1700
FITEAR CABLE004,1700
FITEAR CABLE005,3500
FITEAR CABLE005W,3200
FITEAR CABLE006,3400
FITEAR CABLE006B,3400
FITEAR CABLE006L,3400
FITEAR CABLE007,7500
FITEAR Case,540
FITEAR_F111,11500
Fit StanderAya ,950
Fit StanderMonet,950
MH334,49000
MH335DW,51000
PARTERRE,24000
Private222,27000
Private223,31000
Private333,37000
TO GO 334,37000
fitear,22000
SPHEAR,2880
SPIRITCable,350
SPIRITClassic,11500
SPIRITONE,6930
SPIRITONERD,6930
SPIRITONEWH,6930
SPIRITPro,12000
XSBOOK,12250
XSBOOKWS,11900
HPA8C,53000
HPP1,17000
PC100USB,2750
TE01SV,700
TE02BK,850
TE02WH,850
TH7BB,3000
TH7W,3000
TH900,55000
TH900PAD,1800
ADLA1BK,12500
ADLX1BK,8600
ADLX1BL,8600
ADLX1RD,8600
ADLX1SV,8600
F35G,410
F63G,410
F63SG,410
HIEGI10,315
HIEGI12,347
HIEGI8,263
EF100,12500
HE300,4800
HE400,7770
HE500,11700
HE560,21500
HE6,25350
HIFICase,510
HM6014G,3600
HM6018G,4500
HM601LE4G,4200
HM6028G,7200
HM60316G,7350
HM700,4770
HM700XLRC,400
HM901IEM,20580
HMEF2A,4500
HMEF5,8970
HMOCC 平衡線 ,2250
HMSVCopper,750
RE400,1770
RE600,7170
CarbonRTB,68
HZ 3,945
HZ2MGM,420
HZ2MR,420
HZCase,236
HZEP001,473
E3BK16G,3035
E3BK8G,2390
E3Clip,185
E3WH8G,2390
EH2RD,3623
P1BK128G,27300
S9J3 USB ,194
T2I9 USB,194
i9+BK16G,3200
i9+BK32G,3900
i9+BK8G,2700
i9+WH16G,3200
i9+WH32G,3900
i9+WH8G,2835
iAPDF,215
iAPTF,215
iAPDCase,945
iAPDBRCase,945
iAPMLCase,1680
iAUDIOPDGD32G  ,7350
iAUDIOPD32G,7350
iAUDIOPM64G,18953
iAUDIOPM2128G,20475
iAUDIOPS128G,51450
DB401,15000
QA221BK,1750
QA221G,1750
QA221L,1750
QA221P  ,1750
QA221V,1750
QA221W,1750
QDH601,145
iHIFI 7708GBK ,4500
iHIFI 7708GSV,4500
iHIFI 8008GBK,6400
iBT16PP,1183
In Ear One,2000
Live Pro LP1,15150
Live Pro LP2,19888
Live Pro LP3,28630
Live Pro LP4,33369
Prophile 8,39400
SD1,8100
SD1s,8100
SD2,11500
SD2s,11500
SD3,15500
SD3s,15500
SD4,22300
SD4s,22300
SDAD,1287
SDCC,1271
SDCTB,2612
SDFTE,711
SDFilter,751
SDIMD,
SDSG,527
SDSPF,311
SDVC,775
SDcableBK,1836
SDcableCL,1836
HaloFree,1600
HaloSMARTBK,2020
HaloSMARTBL,2020
HaloSMARTBR,2020
JabraRox,2280
SPORTCoachSE,3140
SPORTPACEBL,2350
SPORTPACEBR,2350
SPORTPACEBY,2350
BIG JAMCASE,0
BIG_JAMBOXBK,8850
BIG_JAMBOXRD,8850
BIG_JAMBOXWH,8850
JAMBOXBK,5220
JAMBOXBL,5220
JAMBOXRD,5220
JAMBOX灰,5220
(喉糖擴)充電器_12V,147
(喉糖擴)充電器_24V,168
(喉糖擴)充電版,1914
(喉糖擴)充電版BL,1914
(喉糖擴)雙充電電池版,2102
(喉糖擴)雙充電電池版BL,2102
(喉糖擴)非充電版,1636
(喉糖擴)非充電雙電池版,1575
(喉糖擴)非充電雙電池版BL,1575
C421(OP:AD8620),5859
C421(OP:OPA2227(標準),5704
C5,4943
C5BK,4943
C5DBK,6495
C5DRD,6495
ElemtAdapter,0
ElemtUSBC,0
O2,4464
O2+ODAC,7404
O2充電器,341
ODAC,4619
ODACRCA,3720
The Element,9041
ANGIE,30000
Ambient FR,30000
Ambient Vents,1996
ArtWorkMulti Color ,3986
ArtWorkSingle Color ,2994
FaceplateDesigner,1497
FaceplatePrinted Texture,1996
FaceplateUltra Designer,1996
JH10PRO,19800
JH10X3PRO,19800
JH11PRO,20800
JH13v2PRO,27000
JH13v2PROU,31500
JH16PRO,27000
JH16v2PRO,39950
JH16v2PROU,39950
JH3XPRO,15470
JH5PRO,13500
JH7PRO,17700
JHLAYLA,56600
JHROXANNE,37300
JHROXANNEU,48500
ShellCarbon Fiber,18375
ShellGlitter,3986
ShellKevlar Fiber,18375
AS_耳機配件,50
CATExpress,
CD代收費用,
DHLExpress,
DP50001,15
ELE電子零件,0
FiiO_耳機擴大機,2300
JMCUP,
PA耳墊,50
,
Rooth 單體升級 3,14000
SPH特價耳機,0
STmagazine,1600
Sennheiser AMPERIOR DJ 耳機,8800
StmagazineSP,1000
Tax ,
Westone ES5,32200
冰滴咖啡(杯),0
冰滴咖啡(管),0
冷泡包種茶,0
冷泡包種茶,0
咖啡,0
廠商扣款,
手工奶酪,0
手工布丁,0
手工錢包,
手機工耳機包,
手煮紅茶,0
拿鐵咖啡,0
服務費,0
漢聲升級線 7N銅BELKIN,
糕點,0
美式咖啡,0
耳擴,0
耳機,0
耳機收納繩_3條_包,17
耳機轉接線,0
茶飲,0
運費,
鮮奶紅茶,0
JPLAY,2800
AJEBAG1,8849
AJEBCP1,5550
HS100BK,
小郵差包,450
托特包,750
撞色斜背包,1200
束口包,750
皮夾包,350
耳機包,100
郵差包,1500
防水零錢包,350
MHA175,3650
M100CG,3317
M100RB,3317
M100SO,3317
M100TG,3317
M200,4600
M400DB,5100
M400RB,5100
M400SO,5100
M500,6700
M500BK,6700
M500WH,6700
PORTA PROBK,1150
PORTA PROBL,1150
PORTA PRORD,1150
PORTA PROWH,1150
GAIA,23400
LZ 1,5304
LZ 2,7488
LZ 3,9360
LZ 4,15600
LZ 8,20280
LZCPLX,4500
LZClockwork,2700
LZDES,1800
LZGL,1000
LZGRAIN,1800
LZLive,3600
LZLogo,0
LZNDES,3600
LZshell,1800
LZtotem,1800
LZ12,28704
YULE,13104
PAWGOLD,55250
PAW5000,9375
V90DAC,8050
V90HPA,6930
HDDAC1,26500
M6Plus Case,500
M6s Case,500
MKeychainCHE,1035
MKeychainHAN,1035
MKeychainLEG,1035
MKeychainSTA,1035
MPhone Case,380
MStockwell,7400
MIDBT,4500
MODE,1300
MODEA,1300
MODEAEQ,1900
MODEEQ,1900
MONITOR,4500
MONITORSV,4500
Major IICable,500
MajorII BK,2700
MajorII BR,2700
MajorII PB,2700
MajorII SV,2700
MajorII WH,2700
MajorIIBT,3200
MajorIIBTBR,3200
MajorIIBTWH,3200
MajorPAD,190
MajorPADBR,200
MajorPADWH,190
MajorBK,2090
MajorBR,2090
MajorPB,2090
MajorWH,2090
Major_50_FX,3410
Major_FXWH,2500
MarACTON,7500
MarStanmoreBK,11000
MarStanmoreBR,
MarStereo Plug,35
MarStereo PlugW,35
Minor FXWH,1600
MinorFitting,150
MinorBK,1270
MinorPB,1270
MinorWH,1270
Minor_FXBK,1739
Monitor Cable,750
MonitorPAD,750
WOBURN,13900
MH30G1,8260
MH30G1BK,8260
MH30S2,8260
MH40G1,9360
MH40S2,9360
MH40S4,9360
MyCableCoax,1680
MyCableUSB,1400
MyDACBK,9100
MyDACW,9100
MyZICBK,6300
MyZICWH,6300
Eagle4G,212
X5EagleL,340
X7EagleL,400
D1050,15000
D3020,15000
Supra USBAB,
VisoHP20BK,3300
VisoHP20SV,3300
VisoHP50BK,6500
VisoHP50RD,6500
VisoHP50WH,6500
REAN_公座,
REAN_母座,
Django,26334
Dulce Bass,18753
Kaiser 10,53629
Kaiser 10U,41262
Katana,47800
Noble 3,8271
Noble 4,10584
Noble 5,13944
Noble 6,20104
Noble CDjango,37125
Noble CDulce Bass,30975
Noble CKaiser Encore,57263
Noble CKatana,57263
Noble CSavanna,21675
Noble CTrident,15525
Noble Kaiser Encore,47800
Noble SDjango,48746
Noble SDulce Bass,42289
Noble SSavanna,32524
Noble STrident,25988
SAVANT,12264
Savanna,13167
Trident,10773
BE6i GD,2999
BE6i GY,2999
NUFHEM2BK,4543
NUFHEM2BU,4543
NUFHEM2RD,4543
NUFHEM4BK,6993
NUFHEM4BU,6993
NUFHEM4RD,6993
NUFHEM6BK,9443
NUFHEM8BK,11830
DACHA200BK,10800
DPX1BK,19800
DPX1A,19800
DPAPUX1,1200
HA1BK,36000
HA2BK,10625
HA2SE,10200
PM1,30400
PM2,20520
PM3BK,12090
PM3BL,12090
PM3RD,12090
PM3WH,12090
UDP203BK,22000
Class_A_1.0m(PCOCCA),2520
Class_B_1.0(OFC),1350
Class_S_1.0m(PCOCCA),3360
DST75R,1638
HPC35J_1.3M,1540
HPC35R_1.3M,2765
HPC35_1.3M,1715
HPC62_HD_1.3M,4060
HPC62_HD_2.5M,4900
HPCHD251.2mBK,1764
HPCHD251.2mBL,1764
HPCHD251.2mRD,1764
HPCHD251.2mSV,1764
HPCHD251.2mYL,1764
HPCLL_0.15M,1225
HPCLS_0.15M,1225
HPCMXsBK,1350
HPCMXsRD,1350
HPCMXsSV,1350
HPCSE 1.0MRD,2625
HPCSE_1.3MRD,2730
HPCSE_1.3MSV,2730
HPCSE_1.3M_BK,2730
HPCSS_0.15M,1225
HPCUE_1.3M,2730
HPC35HD5981.3m,1827
HPC35HD5982.5m,2450
HPC35SRH1.3m,1827
HPC35SRH2.5m,2205
HPC62HD5981.3m,2205
HPC62HD5982.5m,2625
HPC62SRH1.3m,2205
HPC62SRH2.5m,2625
P3.5G,302
P3.5GL,302
P3.5SR,462
P3.5SRL,462
POTA_PITA_SHEET,315
d+Power_cable_C7_1.8m,1645
d+RCA_classB_1.0m,1470
RPDH1200,3600
RPDJ1210,3200
RPHD10,4100
Zik,6993
Zik GY,6993
Zik RGD,6993
Zik WGD,6993
Zik 2.0BK,7425
Zik 2.0BL,7425
Zik 2.0BR,7425
Zik 2.0OR,7425
Zik 2.0WH,7425
Zik 2.0YL,7425
Zik 3BK,8960
ZikBattery,746
ZikCase,1050
BBGO2BK,2500
BBGO2WH,2500
BBGO2RFDBK,3250
BBGO2RFDWH,3250
HC003PAD,304
HUP003Cable,150
HUPC003BK,2394
HUPC003BR,2394
CAS192D,42900
CMA800R,42900
CMA800i,53300
QP1RG,19000
QP1RSG,19000
HPNHR11K,1900
HPNHR11R,1900
HPTWF11K,4350
HPTWF11R,4350
HPTWF21K,6675
HPTWF22K,6975
HPTWF22R,6975
HPTWF22W,6975
JD7606,488
JD7618,488
JD7640,488
JD7641,488
JDEP4501,270
6N100WIRE,683
6N150WIRE,683
6N150WIRE6.3,1575
R100WIRE,650
R64WIRE,650
RAH078,205
RCP100,270
RCP200,235
REP100,208
REP1030,1247
REP1040,1351
REP2030,2010
REP1004P,226
REP5004P,277
RHJ35,1992
RHJ351.5m,2520
RHJ35PLUG,2070
RHJ35RCA,3015
RHJ35XLR,2391
RHJ500,1540
RHJ800,2079
RHJAB,1992
RIE1020,25000
RIE800,20097
ROJ100,960
NYS231BG,35.7
ApolloR,
RegaEAR,5000
RegaRP1,
RegaDAC,28000
RegaDACSV,28000
2CFace,1537
3CFace,3068
Ambience,2307
RFSFA,143
RHGAFace,3837
RHINFace,1537
RHNMFace,2559
RHNRFace,2059
RHPAFace,5089
RHSSFace,1537
RhCable,1216
RhCableCL,1216
RhCase,569
RhCLogo,2945
RhCleaDS,363
RhCleaning,143
RhDS,220
RhsCase,221
Rookie,17663
SInlay,3839
STAGE 2,21941
STAGE 2 to 5,21827
STAGE 3,27890
STAGE 3 to 5,15978
STAGE 4,34077
STAGE 4 to 5,9841
STAGE 4U,34077
STAGE 5,37744
STAGE 5 to 7,11896
STAGE 7,43306
WFace,1522
rhines 7,39500
RH200,2600
RH300,4950
RH5,945
RHA30,4950
RHA7BK,2000
RHA7RD,2000
RHA7WH,2000
RHiE3,4500
IEUP_GRADE+2,10500
LS X3,8500
LS X3 CL,8500
LS_10,30500
LS_2,9350
LS_3,12700
LS_4,15550
LS_6,20500
LS_8,26500
LS_8+,26500
LS_X5,18000
PLATEcarbon,1500
PLATEfull,1500
PLATEglitter,1500
PLATEintiails,1500
PLATEmono,1500
PLATEtitanium,1500
PLATEwood,1500
RUP GRADE+1,8250
RUP GRADE+2,10500
RUP GRADE+3,14000
RUP GRADE+5,22500
REM3D,4500
REMcable,1000
REMlogo,1275
REMmembrane,6000
REMorc,2000
REMorc CL,2000
REM_改膜不含線,6000
,
DARKSTAR,122325
HR2,27405
LOD,3875
P51_Mustang,11600
RAPTOR,35250
RAPTORSV,35250
RSAF35,16470
SR71A_The_Black_Bird,13950
SR71B,20150
The_Hornet,11470
The_IntruderBK,18900
The_IntruderSV,19320
The_Predator,14720
The_Shadow,10665
The_Tomahawk,9100
XP7Psupply ,
XP7（有電源）,20850
XP7（無電源）,15300
HR3UTGB4B,310
SYNCLS01,540
ASGARD,7470
ASGARDII,
BIFROST,14000
LYR,14000
Magni,4400
Modi,4400
600HAD,400
650Adatpor,250
650HAD,360
AMPERIOR_限量版,16888
CH650S,6100
CH700S,8900
CH800S,11000
CX1BK,1380
CX1WH,1380
CX175,1190
CX180,750
CX2.00GBK,1650
CX2.00GWH,1650
CX2.00iBK,1650
CX2.00iWH,1650
CX200BK,930
CX200WH,930
CX275S,1900
CX3BK,1600
CX3RD,1600
CX3WH,1600
CX300IIBK,1450
CX300IICR,1450
CX300IIGD,1450
CX300IIWH,1450
CX310,1560
CX400II,2075
CX5.00GBK,2600
CX5.00GWH,2600
CX5.00iBK,2600
CX5.00iWH,2600
CX5SILL,400
CX5SILM,400
CX5SILMW,400
CX685,2300
CX685SILM,110
CX686G,2000
CX880,3850
CX880i,4400
CX890iBK,4100
CX890iWH,4100
CXC700,6000
GAMEONE,7500
HD2.10,
HD2.20S,
HD2.30GBK,
HD2.30GWH,
HD2.30iBK,
HD2.30iWH,
HD201,865
HD202,990
HD205,1730
HD215,2160
HD219,1500
HD219S,2150
HD229BK,2200
HD229WH,2200
HD238PAD,480
HD239,3200
HD25 海綿耳罩,580
HD25Cable,1950
HD25III_AMPERIORBL,8800
HD25III_AMPERIORSV,8800
HD25ii,8200
HD25阿嚕米,11000
HD25HEAD,260
HD25SP_II,4000
HD26PRO,11000
HD280HEAD,260
HD280PAD,850
HD280PRO,3150
HD380PRO,4800
HD4.20S,
HD4.30GBK,
HD4.30GWH,
HD4.30iBK,
HD4.30iWH,
HD414_耳罩海棉,250
HD419,1800
HD428PAD,470
HD429,2150
HD438,2100
HD439,2500
HD449,2600
HD485PAD,465
HD518,4100
HD518PAD,700
HD558,5600
HD559,4600
HD569,5500
HD580600650,1750
HD595PAD,700
HD598,6700
HD598Cable,500
HD598PAD,1050
HD599,7350
HD6 MIX,9500
HD600,9500
HD600_3.5耳機線,1060
HD630VB,14500
HD650,11000
HD650PAD,1750
HD650_6.3耳機線,560
HD700,30000
HD700PAD,2600
HD700音樂CD,
HD8 DJ,12500
HD8 DJPAD,1700
HD800,33500
HD800PAD,2600
HDR170,4000
HDR180,4400
HDR220,8200
HDVA600,45000
HDVD800,63000
HH10,550
HZR62,900
Headset PC11,475
IE60,5300
IE60SIL,50
IE8,1200
IE8 耳機線,1200
IE80,9000
IE800,22000
IE800EML,1050
IE800SIL,1050
IE80SIL,50
IE80SILB,50
IE80SPGE,110
IE8i,12500
IE8i_耳機線,1500
MM30G,1500
MM30GWH,1500
MM30ip,1500
MM30ipWH,1500
MM70S,2750
MM70ip,2750
MM80ip,6000
MMTIn EarBKGalaxy,3350
MMTIn EarBKiPhone,3350
MMTIn EarGalaxy,3350
MMTIn EariPhone,3350
MMTONBTBK,10500
MMTONBTIV,10500
MMTOVBTBK,13000
MMTOVBTIV,13000
MMTSILL,80
MMTSILM,80
MMTSILS,80
MMT2ONGBK,6200
MMT2ONGIV,6200
MMT2ONIBK,6200
MMT2ONIBR,6200
MMT2ONIIV,6200
MMT2OVGBK,10500
MMT2OVGIV,10500
MMT2OVIBK,10500
MMT2OVIBR,10500
MMT2OVIIV,10500
MOMENTUM,9500
MOMENTUMBIV,9500
MOMENTUMBK,9500
MOMENTUMOn EarB,4800
MOMENTUMOn EarBL,4800
MOMENTUMOn EarBR,4800
MOMENTUMOn EarGR,4800
MOMENTUMOn EarIV,4800
MOMENTUMOn EarPK,4800
MOMENTUMOn EarRD,4800
MOMENTUMPAD,1700
MX365BL,750
MX365BR,750
MX365OR,750
MX365RD,750
MX365WH,750
MX365灰,750
MX375,680
MX475,930
MX585,1250
MX685,1700
MX686G,1900
MX985,3400
OCX685IBK,2200
OCX685IWH,2200
OCX686G,2900
OCX686i,2900
PC163D,3500
PC166USB,3750
PC230,1620
PC230PAD,250
PC330,3500
PC330HEAD,175
PC330PAD,500
PC333D,5500
PC360,7000
PC36_USB,1700
PC373D,
PCV05,400
PMX685I,2200
PMX686G,2900
PMX686i,2900
PX100IIBK,1500
PX100IIWH,1500
PX100白(耳棉),250
PX100黑(耳棉),175
PX200HADWH,140
PX200IIIBK,3650
PX200IIBK,2500
PX200IIWH,2500
PX200白(耳棉),360
PX200黑(耳棉),360
PX360,4500
PX360PAD,1700
PX685IBK,2200
PX685IWH,2200
PX90,1200
PX90PAD,150
PXC150,3600
PXC250II,6300
PXC450,12900
PXC550BT,
RS170,8400
RS175,9500
RS180,10800
RS220,17000
URBANITEBK,5700
URBANITEBL,5700
URBANITEBR,5700
URBANITEGBK,5700
URBANITEGBL,5700
URBANITENat,5700
URBANITEPK,5700
URBANITEXLBK,7000
URBANITEXLBL,7000
URBANITEXLBR,7000
URBANITEXLGR,7000
URBANITEXLNat,7000
URBNTPAD,850
Zero,750
846Case,473
C440,210
C750,525
C840,525
EABKF1100M,90
EABKF110L,389
EABKF110M,389
EABKF110S,389
EAC45GR,1050
EAC46CLS,1050
EAC64BK,1050
EAC64CL,1050
EAC64CLS,1050
EAORF210M,370
EASFX110M,326
EASFX110S,326
EASFX210M,250
EATFL16,263
EAYLF110,452
HPACA1,525
HPAEC940,630
HPASCA1,
HPASCA1SP,0
HPASCA2,525
KSE1500,78750
MV5ALTGA,3570
MV5BLTGA,3570
MV5BLLTGA,3570
MV5GLTGA,3570
MV5RLTGA,3570
MV51AA,5460
MV88AA,4305
MVLA,1680
R846NZLBAL,630
SE112GRA,1146
SE112M+GRA,1337
SE215BK,2520
SE215CL,2520
SE215SPEA,2835
SE215m+,3045
SE315BK,4410
SE315CL,4410
SE425CL,7035
SE425SV,7035
SE535BK,11760
SE535CL,11760
SE535LTD,11921
SE846BL,22680
SE846BNZ,20618
SE846CL,22680
SE846K,20618
SHA900,25830
SRH144,1050
SRH1440,8400
SRH145,1050
SRH145M+A,1365
SRH1540,13230
SRH1840,13965
SRH240A,1680
SRH440,2415
SRH550DJ,2415
SRH750DJ,3885
SRH840,4935
SRH940,7035
iPhone線cblm+k,1470
耳棉EABKF10M,800
耳罩HPACE840,500
TRDualo BK,70
TRDualo WH,70
SMSDJBLK,6185
SMSDJGRY,6185
SMSEBSPRTBL,1813
SMSEBSPRTPK,1813
SMSEBSPRTYL,1813
SMSONWDBLK,4529
SMSONWDBLU,4529
SMSONWDPNK,4529
SMSONWDRED,4529
SMSONWDTEL,4529
SMSONWDWH,4529
SMSWDFANCBK,6013.35
SMSWDFANCSV,6013.35
CD900STPAD,700
CKMNWA30L,399
CKSNWA30P,735
CKSX3,504
CMTX3CD,4032
DNF340,2600
DRBT150NCBK,2982
DSCRX100M2,21609
EPEX10SSB,
EPEX10SSW,
ICDUX543FL,3507
MDR1000XB,9660
MDR1000XC,9660
MDR100AAPB,4494
MDR100AAPL,4494
MDR100AAPP,4494
MDR100AAPR,4494
MDR100AAPY,4494
MDR100ABNB,8169
MDR100ABNL,8169
MDR100ABNP,8169
MDR100ABNR,8169
MDR10RBK,3360
MDR10RWH,3360
MDR10RBTBK,4473
MDR10RCRD,3360
MDR10RCWH,3360
MDR10RNCBK,5229
MDR1ABK,6741
MDR1ALTD,7413
MDR1ASV,6741
MDR1ABT,8757
MDR1ABTSV,8757
MDR1ADAC,8925
MDR1RBTMK2BK,8148
MDR1RMK2BK,5754
MDR1RMK2SV,5754
MDR1RNCMK2BK,9681
MDR7502,1550
MDR7506,3402
MDR7510,3150
MDR7550,5775
MDRAS700BTBL,2079
MDRAS700BTOR,2079
MDRAS800APBK,2016
MDRAS800APD,2016
MDRAS800APL,2016
MDRAS800BTBK,3591
MDRAS800BTD,3591
MDRAS800BTL,3591
MDRCD900ST,5400
MDRDS7100,9000
MDRDS7500,15000
MDREX1000,13440
MDREX110APBK,588
MDREX110APLI,588
MDREX110APRD,588
MDREX110APWH,588
MDREX110LPBK,440
MDREX110LPLI,440
MDREX110LPP,440
MDREX110LPPI,440
MDREX110LPRD,440
MDREX110LPWH,440
MDREX150APB,651
MDREX150APL,651
MDREX150APLI,651
MDREX150APPI,651
MDREX150APR,651
MDREX150APW,651
MDREX250APB,882
MDREX250APLI,882
MDREX250APR,882
MDREX250APW,882
MDREX450G,1113
MDREX450H,1113
MDREX450N,1113
MDREX450W,1113
MDREX600SLBK,5229
MDREX650APBK,1575
MDREX650APBR,1575
MDREX750APB,2163
MDREX750APL,2163
MDREX750APP,2163
MDREX750APR,2163
MDREX750APY,2163
MDREX750BTBK,5229
MDREX750BTL,5229
MDREX750BTR,5229
MDREX750BTY,5229
MDREX800ST,7400
MDRNW750N,2793
MDRS40BK,966
MDRS40WH,966
MDRS70APBK,1491
MDRS70APWH,1491
MDRXB400BK,882
MDRXB400BL,882
MDRXB400GR,882
MDRXB400PK,882
MDRXB400RD,882
MDRXB400V紫,882
MDRXB400WH,882
MDRXB41EXBK,1450
MDRXB41EXBL,1450
MDRXB41EX_Z,1450
MDRXB450APBK,1323
MDRXB450APL,1323
MDRXB450APRD,1323
MDRXB450APWH,1323
MDRXB450B,1932
MDRXB450BV,2457
MDRXB500,2100
MDRXB50APBK,1113
MDRXB50APL,1113
MDRXB50APWH,1113
MDRXB50APYL,1113
MDRXB50BSB,2016
MDRXB50BSL,2016
MDRXB50BSR,2016
MDRXB610OR,1995
MDRXB610WH,1995
MDRXB650BTBK,3738
MDRXB650BTR,3738
MDRXB70APBK,1785
MDRXB70APN,1785
MDRXB70BTB,2457
MDRXB70BTL,2457
MDRXB70BTR,2457
MDRXB80BSB,3360
MDRXB80BSL,3360
MDRXB80BSR,3360
MDRXB920BK,3423
MDRXB920RD,3423
MDRXB950BTBK,4788
MDRXB950BTH,4788
MDRZ 7,14637
MDRZ1000,17500
MDRZ1R,41937
MDRZX110BK,588
MDRZX110WH,588
MDRZX310APBK,966
MDRZX310APBL,966
MDRZX310APRD,966
MDRZX310APWH,966
MDRZX330BTBK,2226
MDRZX550BNBK,3108
MDRZX550BNRD,3108
MDRZX600APBK,1638
MDRZX600APH,1638
MDRZX600APL,1638
MDRZX600APRD,1638
MDRZX600APWH,1638
MDRZX750APRD,2016
MDRZX750APWH,2016
MDRZX770BNBK,4494
MDRZX770BTBK,3360
MDRZX770BTL,3360
MUCB20SB1,5691
MUCM12BL2,2688
MUCM12SB1,4851
MUCM12SM2,2688
MUCS12SB1,5607
NWA25 BK,5775
NWA25 L,5775
NWA25 P,5775
NWA25 R,5775
NWA35B,5775
NWA35L,5775
NWA35P,5775
NWA35R,5775
NWA35YM  ,5775
NWWM1A,26250
NWWM1Z,69510
NWWS413L,2646
NWZX100,15561
NWZX2 ,33369
NWZA15BK,5775
NWZA15S,5775
NWZA17L,8000
NWZF886BK,10668
NWZW273,2205
NWZW273BK,2205
NWZW273LM,2205
NWZW273PM,2205
NWZW273SBK,2394
NWZW273SDM,2394
NWZW273SLM,2394
NWZW273SPM,2394
NWZW273SRM,2394
NWZW273SWM,2394
NWZWH303B,3549
NWZWH303R,3549
NWZWH303W,3549
NWZWH505B,5313
NWZWH505S,5313
NWZWS613BM,5334
NWZWS613G,5334
NWZWS613LM,5334
NWZZX1SM,18690
PCMD100,22838
PCMD50,18375
PCMM10RD,8800
PCMM10WH,9660
PHA1,8610
PHA1ASM,7413
PHA2,12348
PHA2A,12663
PHA3,20937
PSHX500,14931
SRSBTV5BL,1932
SRSBTV5PK,1932
SRSX3BK,3444
SRSX55BK,4494
SonyWHS,0
TAZH1ES,48951
UDA1BK,14175
V6_耳罩,525
XBA100,2226
XBAA1AP,3444
XBAA2,5691
XBAA3,8169
XBAC10BK,882
XBAC10GR,882
XBAC10RD,882
XBAC10WH,882
XBAC10iPBK,1113
XBAC10iPWH,1113
XBAH1 BK,3423
XBAH2 BK,5691
XBAH3 BK,7182
XBAN1AP,5229
XBAN3AP,8169
XBAS65,3200
XBAZ5,14637
XBA10BK,1260
XBA10GD,1260
XBA20GD,3738
XBA20SV,3738
XBA30IPWH,6600
XBA30NGD,5670
XBA30NSV,5670
XBA40N,7161
XBA40S,7161
XBA40iPN,7560
Z900耳罩,
E10BK,675
E10GD,675
E10PP,675
E10RD,675
E10MBK,792
E10MGD,792
E10MPP,792
E10MRD,792
E10sBK,798
E10sPP,798
E10sRD,798
E30BK,800
E30WH,800
ES18GD,225
ES18RD,225
ES18YW,225
ES18sBK,281
ES18sRD,281
ES20BK,405
ES20GM,405
ES20RD,405
ES20加強套,0
P21SBK,903
P21SWH,903
PL11BK,324
PL11BL,324
PL11BR,324
PL11RD,324
三節套,30
加強套,30
聲美耳套,30
聲美耳機殻,35
聲美耳機殻中,
聲美耳機殻大,
E10sGD,798
CP100L,33
CP100M,33
CP100S,33
CP100SS,33
CP800M,50
CP800S,50
SpinCP230M,160
Spin100L,130
Spin100M,130
Spin100S,130
Spin100SS,130
Spin800L,160
Spin800M,160
Spin800S,160
SUSB2.0AB,1260
SUSB2.0AB2m,1530
Serenade DSD,3486
DR05,4200
DR07MKII,5880
DR08,9500
DR100MKII,13545
DR40,7350
GTR1,13500
IM2,2100
TH02BK,735
AI301DABK,12665
AX501,18275
HAP5SV,14025
HAP50,6375
HAP50RD,6375
HAP50SE,5865
HAP50SERD,5865
HAP90SDBK,10965
HAP90SDRD,10965
NT503,30430
TN300CH,12665
UD301BK,11475
UD301SV,11475
UD503BK,27880
UD503SV,27880
SERIES1004,926
SERIES1005,926
SERIES1009,926
SERIES1011,926
SERIES1012,926
SERIES1s001,1022
SERIES1s002,1022
SERIES1s003,1022
SERIES1s004,1022
SERIES3S,1364
SERIES3s001,1464
SERIES5S,1680
SERIES5s001,1889
OPUS#1,16000
OPUSCase,
NUE900s,7500
UE464M,1500
UE4000BK,2931
UE4000PP,2931
UE4000WH,2931
UE900s,9433
UESBoomBK,4549
UESBoomBU,4549
UESBoomPK,4549
UESBoomR,4500
UESBoomRL,4500
UESBoomWH,4549
UESBoom2BK,5100
UESBoom2BU,5100
UESBoom2RD,5100
UESMegaBoomL,7200
UE 1PRO,15835
UE 4PRO,14381
UE 5PRO,20430
UE 5PROU,20430
UE 7PRO,27990
UE AP,1500
UE ART,6000
UE CM,3000
UE Logo Eliminate,1500
UE Rush Charge,4500
UE exeFilter,2135
UECab2010,900
UECase,700
UECase L,1300
UECbalance,1557
UELINE DR,3966
UENCS,3978
UESG,5100
UEWIRE,440
UEcable48,1170
UEcable48CL,1170
UEcable64,1170
UEcable64CL,1170
UEicable,1170
UE11Pro,37100
UE18+ Pro,46100
UE18+PROU,46100
UE18Pro,43170
UEPRM Personal Reference Monitors,62855
UERR Reference Remastering,32490
UERRU,32490
PRO_900SL,12800
BagisBL,660
BagisBON,660
BagisCL,659
BagisCO,659
BagisCOB,659
BagisCR,680
BagisDA,680
BagisFO,680
BagisGR,680
BagisIN,680
BagisLIL,659
BagisMO,680
BagisMOSS,659
BagisMUL,659
BagisOL,659
BagisPE,659
BagisPU,680
BagisROW,659
BagisRU,680
BagisSEAG,660
BagisTO,660
BagisWH,680
KransenBK,885
KransenBON,885
KransenCAM,885
KransenCL,885
KransenCO,885
KransenCOB,885
KransenFLBU,885
KransenIN,885
KransenLIL,885
KransenMoss,885
KransenPU,885
KransenSEAG,885
KransenTO,885
KransenWH,885
Madis,1134
Plattan ADVBK,1480
Plattan ADVCHI,1480
Plattan ADVDA,1480
Plattan ADVIN,1480
Plattan ADVMUL,1480
Plattan ADVTO,1480
Plattan ADVWH,1480
Plattan WADVCAR,1900
Plattan WADVIN,1900
PlattanBFO,1312
PlattanBL,1312
PlattanCHI,1312
PlattanCO,1312
PlattanCOB,1312
PlattanCR,1312
PlattanDA,1312
PlattanDE,1818
PlattanFLIB,1312
PlattanFO,1312
PlattanFOR,1312
PlattanGR,1312
PlattanIN,1312
PlattanLIL,1312
PlattanMINT,1300
PlattanOL,1312
PlattanPE,1312
PlattanPL,1312
PlattanPU,1312
PlattanRE,1818
PlattanRO,1312
PlattanRU,1312
PlattanSG,1312
PlattanTO,1312
PlattanWH,1312
Plattan_Plus,1607
TantoBL,914
TantoMO,914
TantoRA,914
TantoTO,914
TantoWH,914
URPADBK,250
URSTCable,30
URSTEREO PLUG,35
ZINKENTOPAD,350
ZINKENBL,2500
ZINKENCO,2500
ZINKENDA,2500
ZINKENIN,2500
ZINKENTO,2500
ZINKENWH,2500
BFMVGB,1349
CBPBLACK  ,709
Coilprocable,709
FRZA BK,2591
FRZA OG,2591
FRZA WH,2591
FRZi BK,2591
FRZi OG,2591
FRZi WH,2591
FRZMA GB,3379
FRZMA RG,3379
FRZMi GB,3379
FRZMi RG,3379
M100MBLACK,6694
M100SHADOW,6694
M100WSILVER,6694
MCushionBK,551
RRMTCHROME,1725
RRMTNERO,1725
XFBTCHR,7796
XFBTGBK,7796
XSUMBLACK,4725
XSUWSILVER,4725
ZN3BNERO,4646
GR01,4300
GR02BK,700
GR02WH,700
GR02BA,700
GR06,1400
GR07,3500
GR99,550
GR07MK2,3500
GR07MKII,3500
VC02,1000
VSD1,900
VSD1S,900
VSD2,945
VSD2S,945
VSD2SRL,945
VSD3,1239
VSD3Pro,1239
VSD3RL,1460
VSD3PBL,1418
VSD3PPL,1418
VSD3PR,1418
VSD3SBK,1239
VSD3SBL,1386
VSD3SPL,1386
VSD3SRD,1386
VSD3SPBK,1239
VSD3sRL,1460
VSD5CL,1827
GODAPDD,12900
GODAP_XRD,13250
VANTAM,15000
DAC2BK,48000
mINT,48000
uDACB13D197,11700
uDACB13D198,11700
uDACB13D199,11700
uDACB13D200,11700
uDACB13D201,11700
uDACB13F218,12285
uDACB13F219,12285
uDHDA13D062,14700
uDHDA13D063,14700
uDHDA13D066,14700
Twagv3,3900
EPH100,3100
EPH50BK,1750
EPH52GD,1618
EPH52RD,1618
EPH52TN,1618
EPHM100BK,2275
EPHM100BL,2275
EPHM200BK,3120
EPHM200RD,3120
EPHM200WH,3120
EPHRS01BE,903
HPH200,3600
HPHMT120,4515
HPHMT220,6300
CPAD240L,850
CPAD80BK,337
CPAD80BL,337
CPAD80BR,337
CPAD80GN,337
CPAD80GY,337
CPAD80OG,337
CPAD80PK,337
CPAD80RD,337
CPAD80YGR,337
CPAD80YL,337
CPADHD25LBK,744
CPADHD25LBL,744
CPADHD25LBR,744
CPADHD25LGY,744
CPADHD25LRD,744
CPADHD25LWH,744
CPADHD25LYL,744
CPADHD25VBK,473
CPADHD25VBL,473
CPADHD25VBR,473
CPADHD25VGN,473
CPADHD25VGY,473
CPADHD25VOG,473
CPADHD25VPK,473
CPADHD25VRD,473
CPADHD25VYGR,473
CPADHD25VYL,473
HD25CMF,744
HD25FIL,84
HD25HCBK,315
HD25HCRD,315
HD25TBBK,744
HD25TBRD,744
STPAD0326,800
STPADDXBB,744
STPADDXBK,744
STPADDXLR,744
STPADDXRB,744
fix90,744
BX300BK,1700
BX300SV,1700
BX500BK,1800
BX500SV,1800
BX503DC,1800
BX510BK,2500
BX700BK,3800
DX200CT,1300
DX210CB,1300
ZHDWX10,3300
ZYH01,700
ZYH02,950
ZYH03,1150
ZYH04,1200
CNHMF12,2093
EPFX2MB,240
EPFX4B,200
EPFX4H,200
EPFX5MB,240
HAECX20A,559
HAECX20B,559
HAECX20G,559
HAECX20P,559
HAECX20W,559
HAETR40B,1183
HAETR40R,1183
HAETX30A,833
HAETX30B,833
HAETX30P,833
HAETX30W,833
HAF250BTA,1043
HAF250BTB,1043
HAF250BTP,1043
HAF250BTW,1043
HAFR65SBK,1300
HAFR65SBW,1300
HAFR65SW,1300
HAFRH10BK,1183
HAFRH10WH,1183
HAFW01,11830
HAFW02,8330
HAFW03,5593
HAFX11XB,693
HAFX11XBR,693
HAFX11XR,693
HAFX11XRB,693
HAFX11XMB,833
HAFX11XMBR,833
HAFX11XMRB,833
HAFX11XMS,833
HAFX1200,10430
HAFX1X,699
HAFX33XB,1043
HAFX33XBR,1043
HAFX33XR,1043
HAFX33XRB,1043
HAFX33XS,1043
HAFX33XMB,1183
HAFX33XMR,1183
HAFX33XMS,1183
HAFX3X,1113
HAFX45SBK,750
HAFX45SBW,750
HAFX45SW,750
HAFX500_日版,4000
HAFX650,3843
HAFX700,9000
HAFX750,5243
HAFX800,7000
HAFX850,6643
HAFXH10B,1043
HAFXH10G,1043
HAFXH10R,1043
HAFXH10W,1043
HAFXH20N,1183
HAFXH20S,1183
HAFXH30,1393
HAFXT100,2793
HAFXT200,3493
HAFXT208SE,4193
HAFXZ100BK,5200
HAFXZ200BK,6600
HAM55X,1350
HAM55XWH,1350
HAMR60X,1183
HAMX10B,4193
HAS44X,1050
HAS44XW,1050
HAS520B,973
HAS520R,973
HAS520W,973
HAS660BK,1300
HAS660RD,1300
HAS660V,1300
HAS660WH,1300
HASBT200X,2793
HASR50X,1043
HASR75SBK,2900
HASR75SBW,2900
HASR75SW,2900
HASR85SBK,3200
HASR85SBW,3200
HASS01,8330
HASS02,5593
HASW01,13230
HASW02,9730
HASZ1000,5900
HASZ2000,7900
SUAX7,12530
DDJERGOV,18500
DDJWEGO2K,10200
DDJWEGO2R,10200
DDJWEGO2W,10200
DJCWeCAi,700
DJE1500K,3700
DJE1500W,3700
DJE2000K,7200
DJE2000W,7200
HDJ1000BK,4600
HDJ1000限量,4600
HDJ1500BK,4900
HDJ1500SV,4900
HDJ1500WH,4900
HDJ2000BK,8600
HDJ2000SV,8600
HDJ2000WH,8600
HDJ2000MK2K,9500
HDJ2000MK2S,9500
HDJ500BK,2250
HDJ500G,2250
HDJ500RD,2250
HDJ500V,2250
HDJ500WH,2250
HDJ700K,3700
HDJ700N,3700
HDJ700R,3700
HDJ700W,3700
HDJC70BK,4800
HDJCA01,600
HDJEP01,700
HDJHC01,950
HDJWNV1133,560
HDJ500TK,2800
HRM5,2600
HRM6,4500
HRM7,5700
SE712TK,405
SE712TL,405
SE712TP,405
SE712TR,405
SE712TW,405
SECL522HL,630
SECL522K,630
SECL522L,630
SECL522N,630
SECL522P,630
SECL522R,630
SECL522V,630
SECL522W,630
SECL722TK,900
SECL722TL,900
SECL722TR,900
SECL722TW,900
SECL751K,1050
SECL751L,1050
SECL751R,1050
SECX7K,2900
SECX7W,2900
SECX8K,3350
SECX8S,3350
SECX8T,3350
SECX9S,5200
SEM390BK,850
SEM531BK,850
SEMHR5,4400
SEMJ722TK,1000
SEMJ722TR,1000
SEMJ722TT,1000
SEMJ722TW,1000
SEMJ771BTK,2500
SEMJ771BTW,2500
SEMX7K,3500
SEMX7L,3500
SEMX7M,3500
SEMX7W,3500
SEMX8K,4400
SEMX8S,4400
SEMX9K,5100
SEMX9R,5100
SEMX9S,5100
SEMX9T,5100
XDP100RK,14000
XDP100RS,14000
XDP300RB,18000
XDP300RS,18000
XDPAPU100K,1000
AURVANA,2100
DT201(增備機),1800
DT201K,2300
NC201,1800
Prime AV 瘋雜誌,75
TA27,20000
TA27st,18000
TA6C8G,13200
TA6DJ8,12000
15FT_4.6M,620
GR10,8925
GR10e,8479
GR8,6825
GR8e,6620
GR矽膠耳塞(包),420
GS1000,25725
GS2000e,33810
I_海綿,79
I_矽膠耳塞(包),158
MPRO,15000
M1,2400
M2,7245
MAC,357
Music1e,2881
Music2e,7203
PS1000,41500
PS500,15540
PS500e,14608
RA1AC,11422
RA1BAT,9776
RS1e,18113
RS1eBR,17750
RS1i,18113
RS2e,12668
RS2i,13335
SR125e,4148
SR125i,4148
SR225e,5145
SR225i,5145
SR325e,7508
SR325is,7508
SR60e,2363
SR60i,2363
SR80e,2888
SR80i,2888
iGe,2830
iGi,2153
iGrado,1260
中海棉,418
大海棉,1100
小海棉,221
ADVAlpha,3493
AMPRO10,4943
AMPRO20,8625
AMPRO30,11925
EPIC_MICS,1684
ESBCIC,0
ESBCMT,0
ESBCOP,0
ESBCPM,5712
ESBCSP,0
ESBCSW,0
ESBCTS,0
ESCB64,340
ESCBAD,340
ESCBAD,340
ESCBET,2040
ESCBIOS,340
ESCable50,1275
ESCable64,1615
ESFPCF,3400
ESFPEE,4080
ESFPGS,3400
ESFPHA,2380
ESFPNC,12240
ESFPNO,13600
ESFPRE,2380
ESFPWD,5984
ESRLEA,1700
NEW_UM1GY,2513
NEW_UM1OG,2513
NEW_UM1PK,2513
NEW_UM1RD,2513
NEW_UM1TE,2513
STAREartipsBK,374
STAREartipsBU,374
STAREartipsGR,374
STAREartipsOR,374
STAREartipsRD,374
TRUWR20BL,
TRUWR20GY,
UMPro10BL,3494
UMPro10CL,3494
UMPro10RD,3494
UMPro20CL,6300
UMPro20GY,6300
UMPro30CL,8845
UMPro30GY,8845
UMPro50CL,14965
W10BK,4194
W20BK,7000
W30BK,9482
W40BK,11455
W50BK,16400
W60BK,23233
W80,42415
WESBlueCable,3862
WESESUMP52BK,1568
WESESUMP52CL,1568
WESUltraThin52,2693
WESWAND52,1715
WESWMFI52,1715
WES50cableBK,1100
WeCableCL,1715
Westone AC1,12600
Westone AC10,11900
Westone AC2,15200
Westone AC20,14450
Westone CR1,10000
Westone CR10,11900
Westone ES1,13500
Westone ES10,16150
Westone ES2,22000
Westone ES20,22950
Westone ES30,28900
Westone ES3X,27900
Westone ES5,32200
Westone ES50,31450
Westone ES60,39100
Westone UM56 Silicone,4000
Westone UM56 Vinyl,3200
NEW_UM1GN,2513
A2DCMercury,3465
A2DCOrigin,1182
A2DCSFXII,1418
A2DCSilver Fox,1638
A2DCTarga,1103
A2DCUranus,1838
A2DCZen,2095
AHMMCX 插針,260
CMBLSRay+,5859
CMMercury,3465
CMOrigin,882
CMSFXII,1418
CMSaturn,2625
CMSilver Fox,1323
CMSolarRay,5093
CMTarga,1103
CMUranus,1838
CMZen,2095
CMZen8w,4573
CMPIN,105
CMPLLB,242
CMPLLC,242
EXK4PSolarRay,5093
ElectrumC24K,17000
FIT 插針BK,473
FIT 插針CL,473
FitBLSRay+,5859
FitSolarRay+,5859
HD650端子,130
HD700PLG 插針,368
HOCMiBOTG,882
HSAugC,11500
Hifiman_端子,150
IEMercury,3465
IEOrigin,882
IESFXII,1418
IESaturn,2625
IESilver Fox,1323
IESolarRay,5093
IESolarRay+,5859
IETarga,1103
IEUranus,1838
IEZen,2095
IEZen8w,4568
IE880端子BK,100
IE880端子CL,100
IMMercury,3465
IMOrigin,882
IMSFXII,1418
IMSaturn,2625
IMSilver Fox,1323
IMSolarRay,5093
IMSolarRay+,5859
IMTarga,1103
IMUranus,1838
IMZen,2095
MMCXSFXII,1418
MMCXTarga,1103
MMCXZen,2095
MMCXZen8w,4573
MMCXZen8w2.5m,4620
MMCXZenR500,2242
MuseMKIIA2DC,2846
MuseMKIICM,2846
MuseMKIIIE,2846
MuseMKIIIM,2846
MuseMKIIMMCX,2846
MuseMKIIWMMCX,2846
N334 插針BK,450
NHD650 插針,150
NHD700 端子BK,300
NIE80 插針BK,100
NIM 插針BK,230
NShure 插針BK,147
NUM 插針BK,140
RSA4PIN,47
SE10M,50
SEMercury,3465
SEOrigin,882
SESaturn,2625
SESilver Fox,1323
SESolarRay,5093
SESolarRay+,5859
SEUranus,1838
SEZen,2095
SHURE_端子,100
TF10端子,100
WESTONE_端子,100
WMMCXMercury,3465
WMMCXOrigin,882
WMMCXSaturn,2625
WMMCXSilver Fox,1323
WMMCXSolarRay,5093
WMMCXSolarRay+,5859
WMMCXUranus,1838
WMMCXZen,2095
深海3.5mm鍍金端子,35
透塑料分線器組,20
金屬分線器組,20
銀金屬分線器組,20
雅高齡金3.5mm_L端子,100
雅高齡金3.5mm直端子,90
雅高齡銠3.5mm_L端子,100
雅高齡銠3.5mm直端子,90
黑塑料分線器組,20
黑金屬分線器組,20
EPC2,130
EPC3,152
FOSTEX TMVP1BK,2000
FOSTEX TMVP1WH,2000
HD800Lux MKIIMW12SXLR1.2,12200
HD800Lux MKIIMW12SXLR1.5,14000
HD800Lux MKIIMW12SXLR2.0,17200
HD800Lux MKIIMW12S1.2,12200
HD800Lux MKIIMW12S1.5,14000
HD800Lux MKIIMW12S2.0,17200
HD800STDW12S1.2,6600
HD800STDW12S1.5,7300
HD800STDW12S2.0,8700
LSwitch_鍍金L頭,300
MER1964MKII,4150
MER35S  3.53.5,3900
MERA2DC,4650
MERHD25,5000
MERHD650MKII,4300
MERHD650MKIIRSA,4300
MERIE MKII,4150
MERMV305  3.5RCA,4500
MERMV35Lux,6700
MERMVD05,4500
MERP5,4600
MERP5Lux,6000
MERSE2MKII  Shure,4150
MERSE3MKII  Shure,5600
MERSilverGold,70
MERTF10MKII,4150
MERUE9000MKII,4150
MERUM3MKII,4150
MERWMMCX,4150
MER650MKIIXLR,5300
NKVEPC4,160
PERA2DC,1700
PERCM ,1700
PERCMR,1550
PERIE8,1700
PERIM,1700
PERMMCX,1700
PERSE2,1700
PERTF10,1700
PERWMMCX,1700
PERWes,1700
QER334W4S Mundorf,7000
QER334W6S Mundorf,9000
QER334W6SATLRH ,11000
QER334W8S Mundorf,12800
QERA2DC,4650
QERCM Mundorf,4150
QERCM Mundorf  2m,6100
QERIE80 Mundorf,4150
QERIM Mundorf,4150
QERSE2 Mundorf,4150
QERSE3 Mundorf,5600
QERSE4 Mundorf,6950
QERTF10 Mundorf,4150
QERWMMCX,4150
QERWestone Mundorf,4150
RSA 平衡頭,150
Switch_Craft_3.5鍍金頭,210
TFSER01,45
TFS_TMV3.5A5_對線,2500
TFS_TMV3.5E9_對線,3100
TMB7_USB_對線,3000
TMU11,7100
USB 2A to B 0.5M,4200
USB_A_B_0.5M_Viablue,1400
USB_A_B_1.0M_Viablue,1550
USB_A_B_1.5M_Viablue,1650
USB_A_Mini_B_0.5M_Viablue,1400
USB_A_Mini_B_1.0M_Viablue,1550
VER1964MKII,2050
VER30539,320
VER30540,320
VERA2DC,2550
VERC4,1200
VERD5,1950
VERIEMKII,2050
VERSE3MKII  Shure,2050
VERT65,1120
VERT6S,720
VERT6SRCA,750
VERTF10MKII,2050
VERUM3MKII,2050
VERV35,1950
VERWMMCX,2050
VERWMMCX2.5BA,2150
暗黑線,5700
HA3D,4300
HD330,1250
HD381,380
HD381F,380
HD381B,380
HD631,1780
HD651,500
HD660,1250
HD661,1250
HD662,1000
HD662B,1300
HD662F,1100
HD668B,1300
HD669,1300
HD681,560
HD681B,560
HD681EVO,950
HD681EVOBK,950
HD681F,560
HD681_耳罩,180
 HD202PAD,
 HD428PAD,
 HD518PAD,
 HD600金屬網,
 Momentum OnEar 線控線,
 PX90PAD,
 W5000PAD,
 XS7PAD,
AD1000XPAD,
ATHA  ADPAD,
DT880Pro 頭墊,
EDT770V 頭墊,
EDT990V  頭墊,
ES7PAD,
HD215PAD,
HD228PAD,
HD25 原廠線,
HD25Adidas 頭墊,
HD280ProHAD,
HD280ProPAD,
HD497PAD,
HDJ1500PAD,
Micro_CaseBKL,525
Micro_Case1020,500
Micro_Case1020RD,600
Micro_Case1020YL,600
Micro_Case1030BL,450
Micro_Case1040BL,650
Micro_Case1040CL,650
Micro_Case1050BL,700
Micro_Case1050CL,700
Micro_CaseBK,525
Micro_CaseBL,525
Micro_CaseCL,525
Micro_CaseDBL,525
Micro_CaseDYL,525
Micro_CaseLGR,525
Micro_CaseRD,525
Micro_CaseSV,990
Micro_CaseYL,525
Momentum OnEar 線控線,
Momentum OverEar PAD,
Momentum OverEar 線控線 ,
P3Cable,
P3PAD,
P5Cable ,
P5PAD,
Pro500 MKIIPAD,
XS5PAD,
SPFTRL,211
SPFTRM,211
SPFTRS,211
SPFTWL,211
SPFTWM,211
SPFTWS,211
楓弍型,18273
楽(RAKU)B,3126
楽(RAKU)P,3126
楽(RAKU)R,3126
楽(RAKU)W,3126
櫸 Ti plus (Donguri),13786
櫸(Donguri),12060
櫻 Plus ,20245
玄(KURO),11263
玄II (KURO II),12612
玄Ti Plus,13642
粋(SUI),9045
緋(AKA),12612
緋Ti Plus,13642
緋楓弍型,18273
緋櫻 Plus ,20245
雫SHIZUKUDB,1103
雫SHIZUKUSG,1103
雫SHIZUKUSV,1103
A5PRO,11175
ARMINVBN,0
Fidelio L2,7493
Fidelio S1BK,2618
Fidelio S2BK,4117
Fidelio S2WH,4117
Fidelio X2,10425
Fidelio_L1,4660
Fidelio_M1BL,4117
Fidelio_M1BO,4117
Fidelio_M1WT,4117
Fidelio_X1,10125
PCU110,0
PCU80,0
SHL3300BK,1868
SHL5305BK,1492
SHL5305RD,1492
SHL5305TL,1492
SHL5305WT,1492
SHL5505GB,2243
SHL5505YB,2243
TX2 BK,1718
MSILICONE,960
天狼星 CM,7040
天狼星 FIT,7360
天狼星 IE,7040
天狼星 IM,7040
天狼星 MMCX,7200
天狼星 WMMCX,7280
黑曜石Oyaide IE80,3360
黑曜石RHMMCX,4704
黑曜石耳機線 35EC,3864
黑曜石耳機線 ATHIM,3360
黑曜石耳機線 CMB,3780
黑曜石耳機線 HD25II,3528
黑曜石耳機線 HD650,3528
黑曜石耳機線 IE80,3360
黑曜石耳機線 SHURE,3528
黑曜石耳機線 TF10,3360
黑曜石耳機線 WESTONE,3360
黑曜石耳機線 Wmmcx,3612
黑曜石耳機線 miniXLR,3528
黑曜石訊號線 35S,2352
黑曜石訊號線 USB,2688
